,actor_id,film_id
0,1,1
1,1,23
2,1,25
3,1,106
4,1,140
5,1,166
6,1,277
7,1,361
8,1,438
9,1,499
10,1,506
11,1,509
12,1,605
13,1,635
14,1,749
15,1,832
16,1,939
17,1,970
18,1,980
19,2,3
20,2,31
21,2,47
22,2,105
23,2,132
24,2,145
25,2,226
26,2,249
27,2,314
28,2,321
29,2,357
30,2,369
31,2,399
32,2,458
33,2,481
34,2,485
35,2,518
36,2,540
37,2,550
38,2,555
39,2,561
40,2,742
41,2,754
42,2,811
43,2,958
44,3,17
45,3,40
46,3,42
47,3,87
48,3,111
49,3,185
50,3,289
51,3,329
52,3,336
53,3,341
54,3,393
55,3,441
56,3,453
57,3,480
58,3,539
59,3,618
60,3,685
61,3,827
62,3,966
63,3,967
64,3,971
65,3,996
66,4,23
67,4,25
68,4,56
69,4,62
70,4,79
71,4,87
72,4,355
73,4,379
74,4,398
75,4,463
76,4,490
77,4,616
78,4,635
79,4,691
80,4,712
81,4,714
82,4,721
83,4,798
84,4,832
85,4,858
86,4,909
87,4,924
88,5,19
89,5,54
90,5,85
91,5,146
92,5,171
93,5,172
94,5,202
95,5,203
96,5,286
97,5,288
98,5,316
99,5,340
100,5,369
101,5,375
102,5,383
103,5,392
104,5,411
105,5,503
106,5,535
107,5,571
108,5,650
109,5,665
110,5,687
111,5,730
112,5,732
113,5,811
114,5,817
115,5,841
116,5,865
117,6,29
118,6,53
119,6,60
120,6,70
121,6,112
122,6,164
123,6,165
124,6,193
125,6,256
126,6,451
127,6,503
128,6,509
129,6,517
130,6,519
131,6,605
132,6,692
133,6,826
134,6,892
135,6,902
136,6,994
137,7,25
138,7,27
139,7,35
140,7,67
141,7,96
142,7,170
143,7,173
144,7,217
145,7,218
146,7,225
147,7,292
148,7,351
149,7,414
150,7,463
151,7,554
152,7,618
153,7,633
154,7,637
155,7,691
156,7,758
157,7,766
158,7,770
159,7,805
160,7,806
161,7,846
162,7,900
163,7,901
164,7,910
165,7,957
166,7,959
167,8,47
168,8,115
169,8,158
170,8,179
171,8,195
172,8,205
173,8,255
174,8,263
175,8,321
176,8,396
177,8,458
178,8,523
179,8,532
180,8,554
181,8,752
182,8,769
183,8,771
184,8,859
185,8,895
186,8,936
187,9,30
188,9,74
189,9,147
190,9,148
191,9,191
192,9,200
193,9,204
194,9,434
195,9,510
196,9,514
197,9,552
198,9,650
199,9,671
200,9,697
201,9,722
202,9,752
203,9,811
204,9,815
205,9,865
206,9,873
207,9,889
208,9,903
209,9,926
210,9,964
211,9,974
212,10,1
213,10,9
214,10,191
215,10,236
216,10,251
217,10,366
218,10,477
219,10,480
220,10,522
221,10,530
222,10,587
223,10,694
224,10,703
225,10,716
226,10,782
227,10,914
228,10,929
229,10,930
230,10,964
231,10,966
232,10,980
233,10,983
234,11,118
235,11,205
236,11,281
237,11,283
238,11,348
239,11,364
240,11,395
241,11,429
242,11,433
243,11,453
244,11,485
245,11,532
246,11,567
247,11,587
248,11,597
249,11,636
250,11,709
251,11,850
252,11,854
253,11,888
254,11,896
255,11,928
256,11,938
257,11,969
258,11,988
259,12,16
260,12,17
261,12,34
262,12,37
263,12,91
264,12,92
265,12,107
266,12,155
267,12,177
268,12,208
269,12,213
270,12,216
271,12,243
272,12,344
273,12,400
274,12,416
275,12,420
276,12,457
277,12,513
278,12,540
279,12,593
280,12,631
281,12,635
282,12,672
283,12,716
284,12,728
285,12,812
286,12,838
287,12,871
288,12,880
289,12,945
290,13,17
291,13,29
292,13,45
293,13,87
294,13,110
295,13,144
296,13,154
297,13,162
298,13,203
299,13,254
300,13,337
301,13,346
302,13,381
303,13,385
304,13,427
305,13,456
306,13,513
307,13,515
308,13,522
309,13,524
310,13,528
311,13,571
312,13,588
313,13,597
314,13,600
315,13,718
316,13,729
317,13,816
318,13,817
319,13,832
320,13,833
321,13,843
322,13,897
323,13,966
324,13,998
325,14,154
326,14,187
327,14,232
328,14,241
329,14,253
330,14,255
331,14,258
332,14,284
333,14,292
334,14,370
335,14,415
336,14,417
337,14,418
338,14,454
339,14,472
340,14,475
341,14,495
342,14,536
343,14,537
344,14,612
345,14,688
346,14,759
347,14,764
348,14,847
349,14,856
350,14,890
351,14,908
352,14,919
353,14,948
354,14,970
355,15,31
356,15,89
357,15,91
358,15,108
359,15,125
360,15,236
361,15,275
362,15,280
363,15,326
364,15,342
365,15,414
366,15,445
367,15,500
368,15,502
369,15,541
370,15,553
371,15,594
372,15,626
373,15,635
374,15,745
375,15,783
376,15,795
377,15,817
378,15,886
379,15,924
380,15,949
381,15,968
382,15,985
383,16,80
384,16,87
385,16,101
386,16,121
387,16,155
388,16,177
389,16,218
390,16,221
391,16,267
392,16,269
393,16,271
394,16,280
395,16,287
396,16,345
397,16,438
398,16,453
399,16,455
400,16,456
401,16,503
402,16,548
403,16,582
404,16,583
405,16,717
406,16,758
407,16,779
408,16,886
409,16,967
410,17,96
411,17,119
412,17,124
413,17,127
414,17,154
415,17,199
416,17,201
417,17,236
418,17,280
419,17,310
420,17,313
421,17,378
422,17,457
423,17,469
424,17,478
425,17,500
426,17,515
427,17,521
428,17,573
429,17,603
430,17,606
431,17,734
432,17,770
433,17,794
434,17,800
435,17,853
436,17,873
437,17,874
438,17,880
439,17,948
440,17,957
441,17,959
442,18,44
443,18,84
444,18,144
445,18,172
446,18,268
447,18,279
448,18,280
449,18,321
450,18,386
451,18,460
452,18,462
453,18,484
454,18,536
455,18,561
456,18,612
457,18,717
458,18,808
459,18,842
460,18,863
461,18,883
462,18,917
463,18,944
464,19,2
465,19,3
466,19,144
467,19,152
468,19,182
469,19,208
470,19,212
471,19,217
472,19,266
473,19,404
474,19,428
475,19,473
476,19,490
477,19,510
478,19,513
479,19,644
480,19,670
481,19,673
482,19,711
483,19,750
484,19,752
485,19,756
486,19,771
487,19,785
488,19,877
489,20,1
490,20,54
491,20,63
492,20,140
493,20,146
494,20,165
495,20,231
496,20,243
497,20,269
498,20,274
499,20,348
500,20,366
501,20,445
502,20,478
503,20,492
504,20,499
505,20,527
506,20,531
507,20,538
508,20,589
509,20,643
510,20,652
511,20,663
512,20,714
513,20,717
514,20,757
515,20,784
516,20,863
517,20,962
518,20,977
519,21,6
520,21,87
521,21,88
522,21,142
523,21,159
524,21,179
525,21,253
526,21,281
527,21,321
528,21,398
529,21,426
530,21,429
531,21,497
532,21,507
533,21,530
534,21,680
535,21,686
536,21,700
537,21,702
538,21,733
539,21,734
540,21,798
541,21,804
542,21,887
543,21,893
544,21,920
545,21,983
546,22,9
547,22,23
548,22,56
549,22,89
550,22,111
551,22,146
552,22,291
553,22,294
554,22,349
555,22,369
556,22,418
557,22,430
558,22,483
559,22,491
560,22,495
561,22,536
562,22,600
563,22,634
564,22,648
565,22,688
566,22,731
567,22,742
568,22,775
569,22,802
570,22,912
571,22,964
572,23,6
573,23,42
574,23,78
575,23,105
576,23,116
577,23,117
578,23,125
579,23,212
580,23,226
581,23,235
582,23,254
583,23,367
584,23,370
585,23,414
586,23,419
587,23,435
588,23,449
589,23,491
590,23,536
591,23,549
592,23,636
593,23,649
594,23,673
595,23,691
596,23,766
597,23,782
598,23,804
599,23,820
600,23,826
601,23,833
602,23,842
603,23,853
604,23,855
605,23,856
606,23,935
607,23,981
608,23,997
609,24,3
610,24,83
611,24,112
612,24,126
613,24,148
614,24,164
615,24,178
616,24,194
617,24,199
618,24,242
619,24,256
620,24,277
621,24,335
622,24,405
623,24,463
624,24,515
625,24,585
626,24,603
627,24,653
628,24,704
629,24,781
630,24,829
631,24,832
632,24,969
633,25,21
634,25,86
635,25,153
636,25,179
637,25,204
638,25,213
639,25,226
640,25,245
641,25,311
642,25,404
643,25,411
644,25,420
645,25,538
646,25,564
647,25,583
648,25,606
649,25,688
650,25,697
651,25,755
652,25,871
653,25,914
654,26,9
655,26,21
656,26,34
657,26,90
658,26,93
659,26,103
660,26,147
661,26,186
662,26,201
663,26,225
664,26,241
665,26,327
666,26,329
667,26,340
668,26,345
669,26,390
670,26,392
671,26,529
672,26,544
673,26,564
674,26,635
675,26,644
676,26,682
677,26,688
678,26,715
679,26,732
680,26,758
681,26,764
682,26,795
683,26,821
684,26,885
685,26,904
686,26,906
687,27,19
688,27,34
689,27,85
690,27,150
691,27,172
692,27,273
693,27,334
694,27,347
695,27,359
696,27,398
697,27,415
698,27,462
699,27,477
700,27,500
701,27,503
702,27,540
703,27,586
704,27,593
705,27,637
706,27,679
707,27,682
708,27,695
709,27,771
710,27,805
711,27,830
712,27,854
713,27,873
714,27,880
715,27,889
716,27,904
717,27,967
718,27,986
719,27,996
720,28,14
721,28,43
722,28,58
723,28,74
724,28,96
725,28,107
726,28,259
727,28,263
728,28,287
729,28,358
730,28,502
731,28,508
732,28,532
733,28,551
734,28,574
735,28,597
736,28,619
737,28,625
738,28,652
739,28,679
740,28,743
741,28,790
742,28,793
743,28,816
744,28,827
745,28,835
746,28,879
747,28,908
748,28,953
749,28,973
750,28,994
751,29,10
752,29,79
753,29,105
754,29,110
755,29,131
756,29,133
757,29,172
758,29,226
759,29,273
760,29,282
761,29,296
762,29,311
763,29,335
764,29,342
765,29,436
766,29,444
767,29,449
768,29,462
769,29,482
770,29,488
771,29,519
772,29,547
773,29,590
774,29,646
775,29,723
776,29,812
777,29,862
778,29,928
779,29,944
780,30,1
781,30,53
782,30,64
783,30,69
784,30,77
785,30,87
786,30,260
787,30,262
788,30,286
789,30,292
790,30,301
791,30,318
792,30,321
793,30,357
794,30,565
795,30,732
796,30,797
797,30,838
798,30,945
799,31,88
800,31,146
801,31,163
802,31,164
803,31,188
804,31,299
805,31,308
806,31,368
807,31,380
808,31,431
809,31,585
810,31,637
811,31,700
812,31,739
813,31,793
814,31,802
815,31,880
816,31,978
817,32,65
818,32,84
819,32,103
820,32,112
821,32,136
822,32,197
823,32,199
824,32,219
825,32,309
826,32,312
827,32,401
828,32,427
829,32,431
830,32,523
831,32,567
832,32,585
833,32,606
834,32,651
835,32,667
836,32,669
837,32,815
838,32,928
839,32,980
840,33,56
841,33,112
842,33,135
843,33,154
844,33,214
845,33,252
846,33,305
847,33,306
848,33,473
849,33,489
850,33,574
851,33,618
852,33,667
853,33,694
854,33,712
855,33,735
856,33,737
857,33,754
858,33,775
859,33,878
860,33,881
861,33,965
862,33,972
863,33,993
864,34,43
865,34,90
866,34,119
867,34,125
868,34,172
869,34,182
870,34,244
871,34,336
872,34,389
873,34,393
874,34,438
875,34,493
876,34,502
877,34,525
878,34,668
879,34,720
880,34,779
881,34,788
882,34,794
883,34,836
884,34,846
885,34,853
886,34,929
887,34,950
888,34,971
889,35,10
890,35,35
891,35,52
892,35,201
893,35,256
894,35,389
895,35,589
896,35,612
897,35,615
898,35,707
899,35,732
900,35,738
901,35,748
902,35,817
903,35,914
904,36,15
905,36,81
906,36,171
907,36,231
908,36,245
909,36,283
910,36,380
911,36,381
912,36,387
913,36,390
914,36,410
915,36,426
916,36,427
917,36,453
918,36,466
919,36,484
920,36,493
921,36,499
922,36,569
923,36,590
924,36,600
925,36,714
926,36,715
927,36,716
928,36,731
929,36,875
930,36,915
931,36,931
932,36,956
933,37,10
934,37,12
935,37,19
936,37,118
937,37,119
938,37,122
939,37,146
940,37,204
941,37,253
942,37,260
943,37,277
944,37,317
945,37,467
946,37,477
947,37,485
948,37,508
949,37,529
950,37,553
951,37,555
952,37,572
953,37,588
954,37,662
955,37,663
956,37,694
957,37,697
958,37,785
959,37,839
960,37,840
961,37,853
962,37,900
963,37,925
964,37,963
965,37,966
966,37,989
967,37,997
968,38,24
969,38,111
970,38,160
971,38,176
972,38,223
973,38,241
974,38,274
975,38,335
976,38,338
977,38,353
978,38,448
979,38,450
980,38,458
981,38,501
982,38,516
983,38,547
984,38,583
985,38,618
986,38,619
987,38,705
988,38,793
989,38,827
990,38,839
991,38,853
992,38,876
993,39,71
994,39,73
995,39,168
996,39,203
997,39,222
998,39,290
999,39,293
1000,39,320
1001,39,415
1002,39,425
1003,39,431
1004,39,456
1005,39,476
1006,39,559
1007,39,587
1008,39,598
1009,39,606
1010,39,648
1011,39,683
1012,39,689
1013,39,696
1014,39,700
1015,39,703
1016,39,736
1017,39,772
1018,39,815
1019,39,831
1020,39,920
1021,40,1
1022,40,11
1023,40,34
1024,40,107
1025,40,128
1026,40,163
1027,40,177
1028,40,223
1029,40,233
1030,40,326
1031,40,374
1032,40,394
1033,40,396
1034,40,463
1035,40,466
1036,40,494
1037,40,521
1038,40,723
1039,40,737
1040,40,744
1041,40,747
1042,40,754
1043,40,799
1044,40,835
1045,40,868
1046,40,869
1047,40,887
1048,40,933
1049,40,938
1050,41,4
1051,41,60
1052,41,69
1053,41,86
1054,41,100
1055,41,150
1056,41,159
1057,41,194
1058,41,203
1059,41,212
1060,41,230
1061,41,249
1062,41,252
1063,41,305
1064,41,336
1065,41,383
1066,41,544
1067,41,596
1068,41,657
1069,41,674
1070,41,678
1071,41,721
1072,41,724
1073,41,779
1074,41,784
1075,41,799
1076,41,894
1077,41,912
1078,41,942
1079,42,24
1080,42,139
1081,42,309
1082,42,320
1083,42,333
1084,42,500
1085,42,502
1086,42,505
1087,42,527
1088,42,535
1089,42,546
1090,42,568
1091,42,648
1092,42,665
1093,42,673
1094,42,687
1095,42,713
1096,42,738
1097,42,798
1098,42,861
1099,42,865
1100,42,867
1101,42,876
1102,42,890
1103,42,907
1104,42,922
1105,42,932
1106,43,19
1107,43,42
1108,43,56
1109,43,89
1110,43,105
1111,43,147
1112,43,161
1113,43,180
1114,43,239
1115,43,276
1116,43,330
1117,43,344
1118,43,359
1119,43,377
1120,43,410
1121,43,462
1122,43,533
1123,43,598
1124,43,605
1125,43,608
1126,43,621
1127,43,753
1128,43,827
1129,43,833
1130,43,917
1131,43,958
1132,44,58
1133,44,84
1134,44,88
1135,44,94
1136,44,109
1137,44,176
1138,44,242
1139,44,273
1140,44,322
1141,44,420
1142,44,434
1143,44,490
1144,44,591
1145,44,598
1146,44,604
1147,44,699
1148,44,751
1149,44,784
1150,44,825
1151,44,854
1152,44,875
1153,44,878
1154,44,883
1155,44,896
1156,44,902
1157,44,937
1158,44,944
1159,44,952
1160,44,982
1161,44,998
1162,45,18
1163,45,65
1164,45,66
1165,45,115
1166,45,117
1167,45,164
1168,45,187
1169,45,198
1170,45,219
1171,45,330
1172,45,407
1173,45,416
1174,45,463
1175,45,467
1176,45,484
1177,45,502
1178,45,503
1179,45,508
1180,45,537
1181,45,680
1182,45,714
1183,45,767
1184,45,778
1185,45,797
1186,45,810
1187,45,895
1188,45,900
1189,45,901
1190,45,920
1191,45,925
1192,45,975
1193,45,978
1194,46,38
1195,46,51
1196,46,174
1197,46,254
1198,46,296
1199,46,319
1200,46,407
1201,46,448
1202,46,456
1203,46,463
1204,46,478
1205,46,538
1206,46,540
1207,46,567
1208,46,731
1209,46,766
1210,46,768
1211,46,820
1212,46,829
1213,46,830
1214,46,836
1215,46,889
1216,46,980
1217,46,991
1218,47,25
1219,47,36
1220,47,53
1221,47,67
1222,47,172
1223,47,233
1224,47,273
1225,47,351
1226,47,385
1227,47,484
1228,47,508
1229,47,576
1230,47,670
1231,47,734
1232,47,737
1233,47,770
1234,47,777
1235,47,787
1236,47,790
1237,47,913
1238,47,923
1239,47,924
1240,47,944
1241,47,973
1242,48,99
1243,48,101
1244,48,134
1245,48,150
1246,48,164
1247,48,211
1248,48,245
1249,48,267
1250,48,287
1251,48,295
1252,48,312
1253,48,315
1254,48,345
1255,48,349
1256,48,428
1257,48,506
1258,48,545
1259,48,559
1260,48,570
1261,48,599
1262,48,645
1263,48,705
1264,48,757
1265,48,792
1266,48,922
1267,48,926
1268,49,31
1269,49,151
1270,49,195
1271,49,207
1272,49,250
1273,49,282
1274,49,348
1275,49,391
1276,49,400
1277,49,407
1278,49,423
1279,49,433
1280,49,469
1281,49,506
1282,49,542
1283,49,558
1284,49,579
1285,49,595
1286,49,662
1287,49,709
1288,49,716
1289,49,725
1290,49,729
1291,49,811
1292,49,927
1293,49,977
1294,49,980
1295,50,111
1296,50,178
1297,50,243
1298,50,248
1299,50,274
1300,50,288
1301,50,303
1302,50,306
1303,50,327
1304,50,372
1305,50,401
1306,50,417
1307,50,420
1308,50,437
1309,50,476
1310,50,504
1311,50,520
1312,50,552
1313,50,591
1314,50,621
1315,50,632
1316,50,645
1317,50,672
1318,50,717
1319,50,732
1320,50,795
1321,50,829
1322,50,840
1323,50,897
1324,50,918
1325,50,924
1326,50,957
1327,51,5
1328,51,63
1329,51,103
1330,51,112
1331,51,121
1332,51,153
1333,51,395
1334,51,408
1335,51,420
1336,51,461
1337,51,490
1338,51,525
1339,51,627
1340,51,678
1341,51,733
1342,51,734
1343,51,737
1344,51,750
1345,51,847
1346,51,891
1347,51,895
1348,51,940
1349,51,974
1350,51,990
1351,51,993
1352,52,20
1353,52,92
1354,52,96
1355,52,108
1356,52,203
1357,52,249
1358,52,341
1359,52,376
1360,52,388
1361,52,407
1362,52,424
1363,52,474
1364,52,515
1365,52,517
1366,52,584
1367,52,596
1368,52,664
1369,52,675
1370,52,689
1371,52,714
1372,52,812
1373,52,878
1374,52,879
1375,52,915
1376,52,951
1377,52,999
1378,53,1
1379,53,9
1380,53,51
1381,53,58
1382,53,109
1383,53,122
1384,53,126
1385,53,181
1386,53,256
1387,53,268
1388,53,285
1389,53,307
1390,53,358
1391,53,386
1392,53,447
1393,53,465
1394,53,490
1395,53,492
1396,53,508
1397,53,518
1398,53,573
1399,53,576
1400,53,577
1401,53,697
1402,53,725
1403,53,727
1404,53,937
1405,53,947
1406,53,961
1407,53,980
1408,54,84
1409,54,129
1410,54,150
1411,54,184
1412,54,285
1413,54,292
1414,54,301
1415,54,348
1416,54,489
1417,54,510
1418,54,524
1419,54,546
1420,54,600
1421,54,636
1422,54,649
1423,54,658
1424,54,754
1425,54,764
1426,54,842
1427,54,858
1428,54,861
1429,54,913
1430,54,970
1431,54,988
1432,54,990
1433,55,8
1434,55,27
1435,55,75
1436,55,197
1437,55,307
1438,55,320
1439,55,340
1440,55,403
1441,55,485
1442,55,486
1443,55,603
1444,55,612
1445,55,620
1446,55,709
1447,55,776
1448,55,790
1449,55,815
1450,55,827
1451,55,930
1452,55,963
1453,56,63
1454,56,87
1455,56,226
1456,56,236
1457,56,298
1458,56,307
1459,56,354
1460,56,383
1461,56,417
1462,56,421
1463,56,457
1464,56,462
1465,56,474
1466,56,521
1467,56,593
1468,56,728
1469,56,750
1470,56,769
1471,56,781
1472,56,795
1473,56,844
1474,56,851
1475,56,862
1476,56,868
1477,56,892
1478,56,893
1479,56,936
1480,56,965
1481,57,16
1482,57,34
1483,57,101
1484,57,114
1485,57,122
1486,57,134
1487,57,144
1488,57,153
1489,57,192
1490,57,213
1491,57,258
1492,57,267
1493,57,317
1494,57,340
1495,57,393
1496,57,437
1497,57,447
1498,57,502
1499,57,592
1500,57,605
1501,57,637
1502,57,685
1503,57,707
1504,57,714
1505,57,717
1506,57,737
1507,57,767
1508,57,852
1509,57,891
1510,57,918
1511,58,48
1512,58,68
1513,58,119
1514,58,128
1515,58,135
1516,58,175
1517,58,199
1518,58,235
1519,58,242
1520,58,243
1521,58,254
1522,58,306
1523,58,316
1524,58,417
1525,58,426
1526,58,460
1527,58,477
1528,58,541
1529,58,549
1530,58,551
1531,58,553
1532,58,578
1533,58,602
1534,58,632
1535,58,635
1536,58,638
1537,58,698
1538,58,726
1539,58,755
1540,58,800
1541,58,856
1542,58,858
1543,59,5
1544,59,46
1545,59,54
1546,59,72
1547,59,88
1548,59,121
1549,59,129
1550,59,130
1551,59,183
1552,59,210
1553,59,241
1554,59,295
1555,59,418
1556,59,572
1557,59,644
1558,59,650
1559,59,689
1560,59,694
1561,59,702
1562,59,713
1563,59,749
1564,59,772
1565,59,853
1566,59,862
1567,59,943
1568,59,946
1569,59,984
1570,60,31
1571,60,85
1572,60,133
1573,60,142
1574,60,177
1575,60,179
1576,60,186
1577,60,222
1578,60,235
1579,60,239
1580,60,253
1581,60,262
1582,60,297
1583,60,299
1584,60,334
1585,60,376
1586,60,423
1587,60,436
1588,60,493
1589,60,534
1590,60,551
1591,60,658
1592,60,665
1593,60,679
1594,60,754
1595,60,771
1596,60,783
1597,60,784
1598,60,805
1599,60,830
1600,60,835
1601,60,928
1602,60,952
1603,60,971
1604,60,986
1605,61,235
1606,61,237
1607,61,307
1608,61,362
1609,61,372
1610,61,374
1611,61,423
1612,61,433
1613,61,508
1614,61,518
1615,61,519
1616,61,535
1617,61,537
1618,61,585
1619,61,639
1620,61,648
1621,61,649
1622,61,703
1623,61,752
1624,61,766
1625,61,767
1626,61,780
1627,61,831
1628,61,832
1629,61,990
1630,62,6
1631,62,42
1632,62,54
1633,62,100
1634,62,101
1635,62,129
1636,62,198
1637,62,211
1638,62,231
1639,62,272
1640,62,295
1641,62,337
1642,62,375
1643,62,385
1644,62,393
1645,62,398
1646,62,406
1647,62,413
1648,62,428
1649,62,445
1650,62,457
1651,62,465
1652,62,688
1653,62,707
1654,62,719
1655,62,951
1656,62,981
1657,62,988
1658,62,990
1659,63,73
1660,63,134
1661,63,167
1662,63,208
1663,63,225
1664,63,248
1665,63,249
1666,63,278
1667,63,392
1668,63,517
1669,63,633
1670,63,763
1671,63,781
1672,63,809
1673,63,893
1674,63,932
1675,63,944
1676,63,945
1677,63,981
1678,64,3
1679,64,10
1680,64,37
1681,64,87
1682,64,88
1683,64,124
1684,64,197
1685,64,280
1686,64,291
1687,64,307
1688,64,335
1689,64,345
1690,64,448
1691,64,469
1692,64,471
1693,64,506
1694,64,543
1695,64,557
1696,64,569
1697,64,572
1698,64,597
1699,64,616
1700,64,646
1701,64,694
1702,64,832
1703,64,852
1704,64,860
1705,64,921
1706,64,925
1707,64,980
1708,65,39
1709,65,46
1710,65,97
1711,65,106
1712,65,117
1713,65,125
1714,65,158
1715,65,276
1716,65,305
1717,65,338
1718,65,347
1719,65,371
1720,65,398
1721,65,471
1722,65,475
1723,65,476
1724,65,491
1725,65,496
1726,65,516
1727,65,517
1728,65,541
1729,65,556
1730,65,571
1731,65,577
1732,65,615
1733,65,658
1734,65,683
1735,65,694
1736,65,714
1737,65,735
1738,65,852
1739,65,938
1740,65,951
1741,65,965
1742,66,55
1743,66,143
1744,66,207
1745,66,226
1746,66,229
1747,66,230
1748,66,283
1749,66,300
1750,66,342
1751,66,350
1752,66,361
1753,66,376
1754,66,424
1755,66,434
1756,66,553
1757,66,608
1758,66,676
1759,66,697
1760,66,706
1761,66,725
1762,66,769
1763,66,793
1764,66,829
1765,66,871
1766,66,909
1767,66,915
1768,66,928
1769,66,951
1770,66,957
1771,66,960
1772,66,999
1773,67,24
1774,67,57
1775,67,67
1776,67,144
1777,67,242
1778,67,244
1779,67,256
1780,67,408
1781,67,477
1782,67,496
1783,67,512
1784,67,576
1785,67,601
1786,67,725
1787,67,726
1788,67,731
1789,67,766
1790,67,861
1791,67,870
1792,67,915
1793,67,945
1794,67,972
1795,67,981
1796,68,9
1797,68,45
1798,68,133
1799,68,161
1800,68,205
1801,68,213
1802,68,215
1803,68,255
1804,68,296
1805,68,315
1806,68,325
1807,68,331
1808,68,347
1809,68,357
1810,68,378
1811,68,380
1812,68,386
1813,68,396
1814,68,435
1815,68,497
1816,68,607
1817,68,654
1818,68,665
1819,68,671
1820,68,706
1821,68,747
1822,68,834
1823,68,839
1824,68,840
1825,68,971
1826,69,15
1827,69,88
1828,69,111
1829,69,202
1830,69,236
1831,69,292
1832,69,300
1833,69,306
1834,69,374
1835,69,396
1836,69,452
1837,69,466
1838,69,529
1839,69,612
1840,69,720
1841,69,722
1842,69,761
1843,69,791
1844,69,864
1845,69,877
1846,69,914
1847,70,50
1848,70,53
1849,70,92
1850,70,202
1851,70,227
1852,70,249
1853,70,290
1854,70,304
1855,70,343
1856,70,414
1857,70,453
1858,70,466
1859,70,504
1860,70,584
1861,70,628
1862,70,654
1863,70,725
1864,70,823
1865,70,834
1866,70,856
1867,70,869
1868,70,953
1869,70,964
1870,71,26
1871,71,52
1872,71,233
1873,71,317
1874,71,359
1875,71,362
1876,71,385
1877,71,399
1878,71,450
1879,71,532
1880,71,560
1881,71,574
1882,71,638
1883,71,773
1884,71,833
1885,71,874
1886,71,918
1887,71,956
1888,72,34
1889,72,144
1890,72,237
1891,72,249
1892,72,286
1893,72,296
1894,72,325
1895,72,331
1896,72,405
1897,72,450
1898,72,550
1899,72,609
1900,72,623
1901,72,636
1902,72,640
1903,72,665
1904,72,718
1905,72,743
1906,72,757
1907,72,773
1908,72,854
1909,72,865
1910,72,938
1911,72,956
1912,72,964
1913,72,969
1914,73,36
1915,73,45
1916,73,51
1917,73,77
1918,73,148
1919,73,245
1920,73,275
1921,73,322
1922,73,374
1923,73,379
1924,73,467
1925,73,548
1926,73,561
1927,73,562
1928,73,565
1929,73,627
1930,73,666
1931,73,667
1932,73,707
1933,73,748
1934,73,772
1935,73,823
1936,73,936
1937,73,946
1938,73,950
1939,73,998
1940,74,28
1941,74,44
1942,74,117
1943,74,185
1944,74,192
1945,74,203
1946,74,263
1947,74,321
1948,74,415
1949,74,484
1950,74,503
1951,74,537
1952,74,543
1953,74,617
1954,74,626
1955,74,637
1956,74,663
1957,74,704
1958,74,720
1959,74,747
1960,74,780
1961,74,804
1962,74,834
1963,74,836
1964,74,848
1965,74,872
1966,74,902
1967,74,956
1968,75,12
1969,75,34
1970,75,143
1971,75,170
1972,75,222
1973,75,301
1974,75,347
1975,75,372
1976,75,436
1977,75,445
1978,75,446
1979,75,492
1980,75,498
1981,75,508
1982,75,541
1983,75,547
1984,75,579
1985,75,645
1986,75,667
1987,75,744
1988,75,764
1989,75,780
1990,75,870
1991,75,920
1992,76,60
1993,76,66
1994,76,68
1995,76,95
1996,76,122
1997,76,187
1998,76,223
1999,76,234
2000,76,251
2001,76,348
2002,76,444
2003,76,464
2004,76,474
2005,76,498
2006,76,568
2007,76,604
2008,76,606
2009,76,642
2010,76,648
2011,76,650
2012,76,709
2013,76,760
2014,76,765
2015,76,781
2016,76,850
2017,76,862
2018,76,866
2019,76,870
2020,76,912
2021,76,935
2022,76,958
2023,77,13
2024,77,22
2025,77,40
2026,77,73
2027,77,78
2028,77,153
2029,77,224
2030,77,240
2031,77,245
2032,77,261
2033,77,343
2034,77,442
2035,77,458
2036,77,538
2037,77,566
2038,77,612
2039,77,635
2040,77,694
2041,77,749
2042,77,938
2043,77,943
2044,77,963
2045,77,969
2046,77,993
2047,78,86
2048,78,239
2049,78,260
2050,78,261
2051,78,265
2052,78,301
2053,78,387
2054,78,393
2055,78,428
2056,78,457
2057,78,505
2058,78,520
2059,78,530
2060,78,549
2061,78,552
2062,78,599
2063,78,670
2064,78,674
2065,78,689
2066,78,762
2067,78,767
2068,78,811
2069,78,852
2070,78,880
2071,78,963
2072,78,968
2073,79,32
2074,79,33
2075,79,40
2076,79,141
2077,79,205
2078,79,230
2079,79,242
2080,79,262
2081,79,267
2082,79,269
2083,79,299
2084,79,367
2085,79,428
2086,79,430
2087,79,473
2088,79,607
2089,79,628
2090,79,634
2091,79,646
2092,79,727
2093,79,750
2094,79,753
2095,79,769
2096,79,776
2097,79,788
2098,79,840
2099,79,853
2100,79,916
2101,80,69
2102,80,118
2103,80,124
2104,80,175
2105,80,207
2106,80,212
2107,80,260
2108,80,262
2109,80,280
2110,80,341
2111,80,342
2112,80,343
2113,80,362
2114,80,436
2115,80,475
2116,80,553
2117,80,619
2118,80,622
2119,80,680
2120,80,687
2121,80,688
2122,80,709
2123,80,788
2124,80,807
2125,80,858
2126,80,888
2127,80,941
2128,80,979
2129,81,4
2130,81,11
2131,81,59
2132,81,89
2133,81,178
2134,81,186
2135,81,194
2136,81,215
2137,81,219
2138,81,232
2139,81,260
2140,81,267
2141,81,268
2142,81,304
2143,81,332
2144,81,389
2145,81,398
2146,81,453
2147,81,458
2148,81,465
2149,81,505
2150,81,508
2151,81,527
2152,81,545
2153,81,564
2154,81,578
2155,81,579
2156,81,613
2157,81,619
2158,81,643
2159,81,692
2160,81,710
2161,81,729
2162,81,761
2163,81,827
2164,81,910
2165,82,17
2166,82,33
2167,82,104
2168,82,143
2169,82,188
2170,82,242
2171,82,247
2172,82,290
2173,82,306
2174,82,316
2175,82,344
2176,82,453
2177,82,468
2178,82,480
2179,82,497
2180,82,503
2181,82,527
2182,82,551
2183,82,561
2184,82,750
2185,82,787
2186,82,802
2187,82,838
2188,82,839
2189,82,870
2190,82,877
2191,82,893
2192,82,911
2193,82,954
2194,82,978
2195,82,985
2196,83,49
2197,83,52
2198,83,58
2199,83,110
2200,83,120
2201,83,121
2202,83,135
2203,83,165
2204,83,217
2205,83,247
2206,83,249
2207,83,263
2208,83,268
2209,83,279
2210,83,281
2211,83,339
2212,83,340
2213,83,369
2214,83,412
2215,83,519
2216,83,529
2217,83,615
2218,83,631
2219,83,655
2220,83,672
2221,83,686
2222,83,719
2223,83,764
2224,83,777
2225,83,784
2226,83,833
2227,83,873
2228,83,932
2229,84,19
2230,84,39
2231,84,46
2232,84,175
2233,84,238
2234,84,281
2235,84,290
2236,84,312
2237,84,317
2238,84,413
2239,84,414
2240,84,460
2241,84,479
2242,84,491
2243,84,529
2244,84,540
2245,84,566
2246,84,574
2247,84,589
2248,84,616
2249,84,646
2250,84,703
2251,84,729
2252,84,764
2253,84,782
2254,84,809
2255,84,830
2256,84,843
2257,84,887
2258,84,975
2259,84,996
2260,85,2
2261,85,14
2262,85,72
2263,85,85
2264,85,92
2265,85,148
2266,85,216
2267,85,290
2268,85,296
2269,85,297
2270,85,337
2271,85,383
2272,85,421
2273,85,446
2274,85,461
2275,85,475
2276,85,478
2277,85,522
2278,85,543
2279,85,558
2280,85,591
2281,85,630
2282,85,678
2283,85,711
2284,85,761
2285,85,812
2286,85,869
2287,85,875
2288,85,895
2289,85,957
2290,85,960
2291,86,137
2292,86,163
2293,86,196
2294,86,216
2295,86,249
2296,86,303
2297,86,331
2298,86,364
2299,86,391
2300,86,432
2301,86,482
2302,86,486
2303,86,519
2304,86,520
2305,86,548
2306,86,623
2307,86,631
2308,86,636
2309,86,752
2310,86,760
2311,86,808
2312,86,857
2313,86,878
2314,86,893
2315,86,905
2316,86,923
2317,86,929
2318,87,48
2319,87,157
2320,87,161
2321,87,199
2322,87,207
2323,87,250
2324,87,253
2325,87,312
2326,87,421
2327,87,570
2328,87,599
2329,87,606
2330,87,654
2331,87,679
2332,87,706
2333,87,718
2334,87,721
2335,87,830
2336,87,870
2337,87,952
2338,87,961
2339,88,4
2340,88,76
2341,88,87
2342,88,128
2343,88,170
2344,88,193
2345,88,234
2346,88,304
2347,88,602
2348,88,620
2349,88,668
2350,88,717
2351,88,785
2352,88,819
2353,88,839
2354,88,881
2355,88,908
2356,88,929
2357,88,940
2358,88,968
2359,89,47
2360,89,103
2361,89,117
2362,89,162
2363,89,182
2364,89,187
2365,89,212
2366,89,254
2367,89,266
2368,89,306
2369,89,342
2370,89,406
2371,89,410
2372,89,446
2373,89,473
2374,89,488
2375,89,529
2376,89,542
2377,89,564
2378,89,697
2379,89,833
2380,89,864
2381,89,970
2382,89,976
2383,90,2
2384,90,11
2385,90,100
2386,90,197
2387,90,212
2388,90,262
2389,90,303
2390,90,330
2391,90,363
2392,90,374
2393,90,384
2394,90,385
2395,90,391
2396,90,406
2397,90,433
2398,90,442
2399,90,451
2400,90,520
2401,90,529
2402,90,542
2403,90,586
2404,90,633
2405,90,663
2406,90,676
2407,90,771
2408,90,817
2409,90,838
2410,90,855
2411,90,858
2412,90,868
2413,90,880
2414,90,901
2415,90,925
2416,91,13
2417,91,25
2418,91,48
2419,91,176
2420,91,181
2421,91,190
2422,91,335
2423,91,416
2424,91,447
2425,91,480
2426,91,493
2427,91,509
2428,91,511
2429,91,608
2430,91,807
2431,91,829
2432,91,849
2433,91,859
2434,91,941
2435,91,982
2436,92,90
2437,92,94
2438,92,103
2439,92,104
2440,92,123
2441,92,137
2442,92,207
2443,92,229
2444,92,338
2445,92,381
2446,92,436
2447,92,443
2448,92,453
2449,92,470
2450,92,505
2451,92,512
2452,92,543
2453,92,545
2454,92,547
2455,92,553
2456,92,564
2457,92,568
2458,92,618
2459,92,662
2460,92,686
2461,92,699
2462,92,712
2463,92,728
2464,92,802
2465,92,825
2466,92,838
2467,92,889
2468,92,929
2469,92,991
2470,93,71
2471,93,120
2472,93,124
2473,93,280
2474,93,325
2475,93,339
2476,93,427
2477,93,445
2478,93,453
2479,93,473
2480,93,573
2481,93,621
2482,93,644
2483,93,678
2484,93,680
2485,93,699
2486,93,744
2487,93,768
2488,93,777
2489,93,835
2490,93,856
2491,93,874
2492,93,909
2493,93,916
2494,93,982
2495,94,13
2496,94,60
2497,94,76
2498,94,122
2499,94,153
2500,94,193
2501,94,206
2502,94,228
2503,94,270
2504,94,275
2505,94,320
2506,94,322
2507,94,337
2508,94,354
2509,94,402
2510,94,428
2511,94,457
2512,94,473
2513,94,475
2514,94,512
2515,94,517
2516,94,521
2517,94,533
2518,94,540
2519,94,548
2520,94,551
2521,94,712
2522,94,713
2523,94,724
2524,94,775
2525,94,788
2526,94,950
2527,94,989
2528,95,22
2529,95,35
2530,95,47
2531,95,52
2532,95,65
2533,95,74
2534,95,126
2535,95,207
2536,95,245
2537,95,294
2538,95,301
2539,95,312
2540,95,329
2541,95,353
2542,95,375
2543,95,420
2544,95,424
2545,95,431
2546,95,498
2547,95,522
2548,95,546
2549,95,551
2550,95,619
2551,95,627
2552,95,690
2553,95,748
2554,95,813
2555,95,828
2556,95,855
2557,95,903
2558,95,923
2559,96,8
2560,96,36
2561,96,40
2562,96,54
2563,96,58
2564,96,66
2565,96,134
2566,96,209
2567,96,244
2568,96,320
2569,96,430
2570,96,452
2571,96,486
2572,96,572
2573,96,590
2574,96,661
2575,96,778
2576,96,832
2577,96,846
2578,96,874
2579,96,945
2580,96,968
2581,96,987
2582,97,143
2583,97,177
2584,97,188
2585,97,197
2586,97,256
2587,97,312
2588,97,342
2589,97,348
2590,97,358
2591,97,370
2592,97,437
2593,97,446
2594,97,466
2595,97,518
2596,97,553
2597,97,561
2598,97,641
2599,97,656
2600,97,728
2601,97,755
2602,97,757
2603,97,826
2604,97,862
2605,97,930
2606,97,933
2607,97,947
2608,97,951
2609,98,66
2610,98,72
2611,98,81
2612,98,87
2613,98,107
2614,98,120
2615,98,183
2616,98,194
2617,98,212
2618,98,297
2619,98,607
2620,98,634
2621,98,686
2622,98,705
2623,98,710
2624,98,721
2625,98,725
2626,98,734
2627,98,738
2628,98,765
2629,98,782
2630,98,824
2631,98,829
2632,98,912
2633,98,955
2634,98,985
2635,98,990
2636,99,7
2637,99,27
2638,99,84
2639,99,250
2640,99,322
2641,99,325
2642,99,381
2643,99,414
2644,99,475
2645,99,490
2646,99,512
2647,99,540
2648,99,572
2649,99,600
2650,99,618
2651,99,620
2652,99,622
2653,99,636
2654,99,672
2655,99,726
2656,99,741
2657,99,796
2658,99,835
2659,99,967
2660,99,978
2661,99,982
2662,100,17
2663,100,118
2664,100,250
2665,100,411
2666,100,414
2667,100,513
2668,100,563
2669,100,642
2670,100,714
2671,100,718
2672,100,759
2673,100,779
2674,100,815
2675,100,846
2676,100,850
2677,100,872
2678,100,877
2679,100,909
2680,100,919
2681,100,944
2682,100,967
2683,100,979
2684,100,991
2685,100,992
2686,101,60
2687,101,66
2688,101,85
2689,101,146
2690,101,189
2691,101,250
2692,101,255
2693,101,263
2694,101,275
2695,101,289
2696,101,491
2697,101,494
2698,101,511
2699,101,568
2700,101,608
2701,101,617
2702,101,655
2703,101,662
2704,101,700
2705,101,702
2706,101,758
2707,101,774
2708,101,787
2709,101,828
2710,101,841
2711,101,928
2712,101,932
2713,101,936
2714,101,941
2715,101,978
2716,101,980
2717,101,984
2718,101,988
2719,102,20
2720,102,34
2721,102,53
2722,102,123
2723,102,124
2724,102,194
2725,102,200
2726,102,205
2727,102,268
2728,102,326
2729,102,329
2730,102,334
2731,102,351
2732,102,418
2733,102,431
2734,102,446
2735,102,485
2736,102,508
2737,102,517
2738,102,521
2739,102,526
2740,102,529
2741,102,544
2742,102,600
2743,102,605
2744,102,606
2745,102,624
2746,102,631
2747,102,712
2748,102,728
2749,102,744
2750,102,796
2751,102,802
2752,102,810
2753,102,828
2754,102,837
2755,102,845
2756,102,852
2757,102,958
2758,102,979
2759,102,980
2760,103,5
2761,103,118
2762,103,130
2763,103,197
2764,103,199
2765,103,206
2766,103,215
2767,103,221
2768,103,271
2769,103,285
2770,103,315
2771,103,318
2772,103,333
2773,103,347
2774,103,356
2775,103,360
2776,103,378
2777,103,437
2778,103,585
2779,103,609
2780,103,639
2781,103,643
2782,103,692
2783,103,735
2784,103,822
2785,103,895
2786,103,903
2787,103,912
2788,103,942
2789,103,956
2790,104,19
2791,104,39
2792,104,40
2793,104,59
2794,104,70
2795,104,136
2796,104,156
2797,104,184
2798,104,198
2799,104,233
2800,104,259
2801,104,287
2802,104,309
2803,104,313
2804,104,394
2805,104,401
2806,104,463
2807,104,506
2808,104,516
2809,104,583
2810,104,600
2811,104,607
2812,104,657
2813,104,677
2814,104,739
2815,104,892
2816,104,904
2817,104,926
2818,104,945
2819,104,984
2820,104,999
2821,105,12
2822,105,15
2823,105,21
2824,105,29
2825,105,42
2826,105,116
2827,105,158
2828,105,239
2829,105,280
2830,105,283
2831,105,315
2832,105,333
2833,105,372
2834,105,377
2835,105,530
2836,105,558
2837,105,561
2838,105,606
2839,105,649
2840,105,686
2841,105,750
2842,105,795
2843,105,831
2844,105,835
2845,105,858
2846,105,864
2847,105,893
2848,105,906
2849,105,910
2850,105,915
2851,105,954
2852,105,990
2853,105,993
2854,105,994
2855,106,44
2856,106,83
2857,106,108
2858,106,126
2859,106,136
2860,106,166
2861,106,189
2862,106,194
2863,106,204
2864,106,229
2865,106,241
2866,106,345
2867,106,365
2868,106,399
2869,106,439
2870,106,457
2871,106,469
2872,106,500
2873,106,505
2874,106,559
2875,106,566
2876,106,585
2877,106,639
2878,106,654
2879,106,659
2880,106,675
2881,106,687
2882,106,752
2883,106,763
2884,106,780
2885,106,858
2886,106,866
2887,106,881
2888,106,894
2889,106,934
2890,107,62
2891,107,112
2892,107,133
2893,107,136
2894,107,138
2895,107,162
2896,107,165
2897,107,172
2898,107,209
2899,107,220
2900,107,239
2901,107,277
2902,107,292
2903,107,338
2904,107,348
2905,107,369
2906,107,388
2907,107,392
2908,107,409
2909,107,430
2910,107,445
2911,107,454
2912,107,458
2913,107,467
2914,107,520
2915,107,534
2916,107,548
2917,107,571
2918,107,574
2919,107,603
2920,107,606
2921,107,637
2922,107,774
2923,107,781
2924,107,796
2925,107,831
2926,107,849
2927,107,859
2928,107,879
2929,107,905
2930,107,973
2931,107,977
2932,108,1
2933,108,6
2934,108,9
2935,108,137
2936,108,208
2937,108,219
2938,108,242
2939,108,278
2940,108,302
2941,108,350
2942,108,378
2943,108,379
2944,108,495
2945,108,507
2946,108,517
2947,108,561
2948,108,567
2949,108,648
2950,108,652
2951,108,655
2952,108,673
2953,108,693
2954,108,696
2955,108,702
2956,108,721
2957,108,733
2958,108,741
2959,108,744
2960,108,887
2961,108,892
2962,108,894
2963,108,920
2964,108,958
2965,108,966
2966,109,12
2967,109,48
2968,109,77
2969,109,157
2970,109,174
2971,109,190
2972,109,243
2973,109,281
2974,109,393
2975,109,463
2976,109,622
2977,109,657
2978,109,694
2979,109,700
2980,109,732
2981,109,753
2982,109,785
2983,109,786
2984,109,863
2985,109,885
2986,109,955
2987,109,967
2988,110,8
2989,110,27
2990,110,62
2991,110,120
2992,110,126
2993,110,156
2994,110,292
2995,110,343
2996,110,360
2997,110,369
2998,110,435
2999,110,513
3000,110,525
3001,110,539
3002,110,545
3003,110,625
3004,110,650
3005,110,801
3006,110,912
3007,110,961
3008,110,987
3009,111,61
3010,111,78
3011,111,98
3012,111,162
3013,111,179
3014,111,194
3015,111,325
3016,111,359
3017,111,382
3018,111,403
3019,111,407
3020,111,414
3021,111,474
3022,111,489
3023,111,508
3024,111,555
3025,111,603
3026,111,608
3027,111,643
3028,111,669
3029,111,679
3030,111,680
3031,111,699
3032,111,731
3033,111,732
3034,111,737
3035,111,744
3036,111,777
3037,111,847
3038,111,894
3039,111,919
3040,111,962
3041,111,973
3042,112,34
3043,112,37
3044,112,151
3045,112,173
3046,112,188
3047,112,231
3048,112,312
3049,112,322
3050,112,443
3051,112,450
3052,112,565
3053,112,603
3054,112,606
3055,112,654
3056,112,666
3057,112,700
3058,112,728
3059,112,772
3060,112,796
3061,112,817
3062,112,829
3063,112,856
3064,112,865
3065,112,869
3066,112,988
3067,113,35
3068,113,84
3069,113,116
3070,113,181
3071,113,218
3072,113,249
3073,113,258
3074,113,292
3075,113,322
3076,113,353
3077,113,403
3078,113,525
3079,113,642
3080,113,656
3081,113,674
3082,113,680
3083,113,700
3084,113,719
3085,113,723
3086,113,726
3087,113,732
3088,113,748
3089,113,838
3090,113,890
3091,113,921
3092,113,969
3093,113,981
3094,114,13
3095,114,68
3096,114,90
3097,114,162
3098,114,188
3099,114,194
3100,114,210
3101,114,237
3102,114,254
3103,114,305
3104,114,339
3105,114,420
3106,114,425
3107,114,452
3108,114,538
3109,114,619
3110,114,757
3111,114,807
3112,114,827
3113,114,841
3114,114,861
3115,114,866
3116,114,913
3117,114,961
3118,114,993
3119,115,49
3120,115,52
3121,115,245
3122,115,246
3123,115,277
3124,115,302
3125,115,379
3126,115,383
3127,115,391
3128,115,428
3129,115,506
3130,115,531
3131,115,607
3132,115,615
3133,115,661
3134,115,671
3135,115,686
3136,115,703
3137,115,714
3138,115,740
3139,115,754
3140,115,846
3141,115,887
3142,115,952
3143,115,955
3144,115,966
3145,115,985
3146,115,994
3147,116,36
3148,116,48
3149,116,88
3150,116,90
3151,116,105
3152,116,128
3153,116,336
3154,116,338
3155,116,384
3156,116,412
3157,116,420
3158,116,451
3159,116,481
3160,116,492
3161,116,584
3162,116,606
3163,116,622
3164,116,647
3165,116,653
3166,116,742
3167,116,784
3168,116,844
3169,116,939
3170,116,956
3171,117,10
3172,117,15
3173,117,42
3174,117,167
3175,117,178
3176,117,190
3177,117,197
3178,117,224
3179,117,246
3180,117,273
3181,117,298
3182,117,316
3183,117,337
3184,117,395
3185,117,423
3186,117,432
3187,117,459
3188,117,468
3189,117,550
3190,117,578
3191,117,707
3192,117,710
3193,117,738
3194,117,739
3195,117,778
3196,117,783
3197,117,785
3198,117,797
3199,117,812
3200,117,831
3201,117,864
3202,117,887
3203,117,926
3204,118,35
3205,118,39
3206,118,41
3207,118,49
3208,118,55
3209,118,136
3210,118,141
3211,118,151
3212,118,311
3213,118,384
3214,118,399
3215,118,499
3216,118,517
3217,118,553
3218,118,558
3219,118,572
3220,118,641
3221,118,656
3222,118,695
3223,118,735
3224,118,788
3225,118,852
3226,118,938
3227,118,957
3228,118,969
3229,119,21
3230,119,49
3231,119,64
3232,119,87
3233,119,143
3234,119,171
3235,119,172
3236,119,173
3237,119,381
3238,119,394
3239,119,412
3240,119,418
3241,119,454
3242,119,509
3243,119,521
3244,119,567
3245,119,570
3246,119,592
3247,119,614
3248,119,636
3249,119,649
3250,119,693
3251,119,738
3252,119,751
3253,119,782
3254,119,786
3255,119,788
3256,119,802
3257,119,858
3258,119,868
3259,119,900
3260,119,939
3261,120,57
3262,120,63
3263,120,144
3264,120,149
3265,120,208
3266,120,231
3267,120,238
3268,120,255
3269,120,414
3270,120,424
3271,120,489
3272,120,513
3273,120,590
3274,120,641
3275,120,642
3276,120,659
3277,120,682
3278,120,691
3279,120,715
3280,120,717
3281,120,722
3282,120,746
3283,120,830
3284,120,894
3285,120,898
3286,120,911
3287,120,994
3288,121,141
3289,121,154
3290,121,161
3291,121,170
3292,121,186
3293,121,198
3294,121,220
3295,121,222
3296,121,284
3297,121,297
3298,121,338
3299,121,353
3300,121,449
3301,121,479
3302,121,517
3303,121,633
3304,121,654
3305,121,658
3306,121,666
3307,121,771
3308,121,780
3309,121,847
3310,121,884
3311,121,885
3312,121,966
3313,122,22
3314,122,29
3315,122,76
3316,122,83
3317,122,157
3318,122,158
3319,122,166
3320,122,227
3321,122,238
3322,122,300
3323,122,307
3324,122,363
3325,122,470
3326,122,489
3327,122,491
3328,122,542
3329,122,620
3330,122,649
3331,122,654
3332,122,673
3333,122,718
3334,122,795
3335,122,957
3336,122,961
3337,122,998
3338,123,3
3339,123,43
3340,123,67
3341,123,105
3342,123,148
3343,123,151
3344,123,185
3345,123,223
3346,123,234
3347,123,245
3348,123,246
3349,123,266
3350,123,286
3351,123,429
3352,123,442
3353,123,446
3354,123,479
3355,123,480
3356,123,494
3357,123,503
3358,123,530
3359,123,576
3360,123,577
3361,123,589
3362,123,593
3363,123,725
3364,123,730
3365,123,786
3366,123,860
3367,123,892
3368,123,926
3369,123,988
3370,124,22
3371,124,64
3372,124,106
3373,124,113
3374,124,190
3375,124,246
3376,124,260
3377,124,263
3378,124,289
3379,124,306
3380,124,312
3381,124,322
3382,124,343
3383,124,449
3384,124,468
3385,124,539
3386,124,601
3387,124,726
3388,124,742
3389,124,775
3390,124,785
3391,124,814
3392,124,858
3393,124,882
3394,124,987
3395,124,997
3396,125,62
3397,125,98
3398,125,100
3399,125,114
3400,125,175
3401,125,188
3402,125,204
3403,125,238
3404,125,250
3405,125,324
3406,125,338
3407,125,361
3408,125,367
3409,125,395
3410,125,414
3411,125,428
3412,125,429
3413,125,450
3414,125,497
3415,125,557
3416,125,568
3417,125,584
3418,125,602
3419,125,623
3420,125,664
3421,125,683
3422,125,710
3423,125,877
3424,125,908
3425,125,949
3426,125,965
3427,126,21
3428,126,34
3429,126,43
3430,126,58
3431,126,85
3432,126,96
3433,126,193
3434,126,194
3435,126,199
3436,126,256
3437,126,263
3438,126,288
3439,126,317
3440,126,347
3441,126,369
3442,126,370
3443,126,419
3444,126,468
3445,126,469
3446,126,545
3447,126,685
3448,126,836
3449,126,860
3450,127,36
3451,127,47
3452,127,48
3453,127,79
3454,127,119
3455,127,141
3456,127,157
3457,127,202
3458,127,286
3459,127,333
3460,127,354
3461,127,366
3462,127,382
3463,127,388
3464,127,411
3465,127,459
3466,127,553
3467,127,573
3468,127,613
3469,127,617
3470,127,641
3471,127,710
3472,127,727
3473,127,749
3474,127,763
3475,127,771
3476,127,791
3477,127,819
3478,127,839
3479,127,846
3480,127,911
3481,127,953
3482,127,970
3483,128,26
3484,128,82
3485,128,119
3486,128,168
3487,128,212
3488,128,238
3489,128,299
3490,128,312
3491,128,326
3492,128,336
3493,128,345
3494,128,407
3495,128,462
3496,128,485
3497,128,516
3498,128,564
3499,128,614
3500,128,650
3501,128,665
3502,128,671
3503,128,693
3504,128,696
3505,128,759
3506,128,774
3507,128,814
3508,128,899
3509,128,912
3510,128,944
3511,128,949
3512,128,965
3513,129,56
3514,129,89
3515,129,101
3516,129,166
3517,129,202
3518,129,230
3519,129,247
3520,129,249
3521,129,348
3522,129,367
3523,129,391
3524,129,418
3525,129,431
3526,129,452
3527,129,471
3528,129,520
3529,129,597
3530,129,602
3531,129,640
3532,129,669
3533,129,684
3534,129,705
3535,129,805
3536,129,826
3537,129,834
3538,129,857
3539,129,910
3540,129,920
3541,129,938
3542,129,962
3543,130,9
3544,130,26
3545,130,37
3546,130,43
3547,130,49
3548,130,57
3549,130,107
3550,130,112
3551,130,208
3552,130,326
3553,130,375
3554,130,416
3555,130,431
3556,130,452
3557,130,453
3558,130,478
3559,130,507
3560,130,525
3561,130,549
3562,130,592
3563,130,702
3564,130,725
3565,130,764
3566,130,809
3567,130,869
3568,130,930
3569,130,981
3570,131,48
3571,131,66
3572,131,94
3573,131,120
3574,131,147
3575,131,206
3576,131,320
3577,131,383
3578,131,432
3579,131,436
3580,131,450
3581,131,479
3582,131,494
3583,131,515
3584,131,539
3585,131,590
3586,131,647
3587,131,693
3588,131,713
3589,131,770
3590,131,798
3591,131,809
3592,131,875
3593,131,881
3594,131,921
3595,132,81
3596,132,82
3597,132,133
3598,132,156
3599,132,162
3600,132,311
3601,132,345
3602,132,377
3603,132,410
3604,132,538
3605,132,562
3606,132,586
3607,132,626
3608,132,637
3609,132,698
3610,132,756
3611,132,806
3612,132,897
3613,132,899
3614,132,904
3615,132,930
3616,132,987
3617,133,7
3618,133,51
3619,133,133
3620,133,172
3621,133,210
3622,133,270
3623,133,280
3624,133,286
3625,133,338
3626,133,342
3627,133,351
3628,133,368
3629,133,385
3630,133,390
3631,133,397
3632,133,410
3633,133,452
3634,133,463
3635,133,514
3636,133,588
3637,133,594
3638,133,635
3639,133,652
3640,133,727
3641,133,806
3642,133,868
3643,133,882
3644,133,894
3645,133,933
3646,133,952
3647,134,132
3648,134,145
3649,134,161
3650,134,219
3651,134,243
3652,134,250
3653,134,278
3654,134,341
3655,134,386
3656,134,413
3657,134,558
3658,134,588
3659,134,624
3660,134,655
3661,134,683
3662,134,690
3663,134,861
3664,134,896
3665,134,897
3666,134,915
3667,134,927
3668,134,936
3669,135,35
3670,135,41
3671,135,65
3672,135,88
3673,135,170
3674,135,269
3675,135,320
3676,135,353
3677,135,357
3678,135,364
3679,135,455
3680,135,458
3681,135,484
3682,135,541
3683,135,553
3684,135,616
3685,135,628
3686,135,719
3687,135,814
3688,135,905
3689,136,20
3690,136,25
3691,136,33
3692,136,56
3693,136,61
3694,136,193
3695,136,214
3696,136,229
3697,136,243
3698,136,256
3699,136,262
3700,136,271
3701,136,288
3702,136,300
3703,136,364
3704,136,401
3705,136,414
3706,136,420
3707,136,474
3708,136,485
3709,136,542
3710,136,552
3711,136,620
3712,136,649
3713,136,686
3714,136,781
3715,136,806
3716,136,808
3717,136,818
3718,136,842
3719,136,933
3720,136,993
3721,137,6
3722,137,14
3723,137,56
3724,137,96
3725,137,160
3726,137,224
3727,137,249
3728,137,254
3729,137,263
3730,137,268
3731,137,304
3732,137,390
3733,137,410
3734,137,433
3735,137,446
3736,137,489
3737,137,530
3738,137,564
3739,137,603
3740,137,610
3741,137,688
3742,137,703
3743,137,745
3744,137,758
3745,137,832
3746,137,841
3747,137,917
3748,138,8
3749,138,52
3750,138,61
3751,138,125
3752,138,157
3753,138,214
3754,138,258
3755,138,376
3756,138,403
3757,138,446
3758,138,453
3759,138,508
3760,138,553
3761,138,561
3762,138,583
3763,138,627
3764,138,639
3765,138,695
3766,138,747
3767,138,879
3768,138,885
3769,138,923
3770,138,970
3771,138,989
3772,139,20
3773,139,35
3774,139,57
3775,139,74
3776,139,90
3777,139,107
3778,139,155
3779,139,170
3780,139,181
3781,139,200
3782,139,229
3783,139,233
3784,139,261
3785,139,262
3786,139,266
3787,139,282
3788,139,284
3789,139,373
3790,139,447
3791,139,489
3792,139,529
3793,139,540
3794,139,570
3795,139,602
3796,139,605
3797,139,636
3798,139,691
3799,139,706
3800,139,719
3801,139,744
3802,139,746
3803,139,862
3804,139,892
3805,140,27
3806,140,77
3807,140,112
3808,140,135
3809,140,185
3810,140,258
3811,140,370
3812,140,373
3813,140,498
3814,140,509
3815,140,576
3816,140,587
3817,140,599
3818,140,608
3819,140,647
3820,140,665
3821,140,670
3822,140,693
3823,140,702
3824,140,729
3825,140,730
3826,140,731
3827,140,736
3828,140,742
3829,140,778
3830,140,820
3831,140,830
3832,140,835
3833,140,857
3834,140,923
3835,140,934
3836,140,999
3837,141,43
3838,141,67
3839,141,188
3840,141,191
3841,141,207
3842,141,223
3843,141,341
3844,141,358
3845,141,380
3846,141,395
3847,141,467
3848,141,491
3849,141,589
3850,141,607
3851,141,673
3852,141,740
3853,141,752
3854,141,768
3855,141,772
3856,141,787
3857,141,821
3858,141,829
3859,141,840
3860,141,849
3861,141,862
3862,141,863
3863,141,909
3864,141,992
3865,142,10
3866,142,18
3867,142,107
3868,142,139
3869,142,186
3870,142,199
3871,142,248
3872,142,328
3873,142,350
3874,142,371
3875,142,470
3876,142,481
3877,142,494
3878,142,501
3879,142,504
3880,142,540
3881,142,554
3882,142,575
3883,142,608
3884,142,710
3885,142,712
3886,142,735
3887,142,759
3888,142,794
3889,142,842
3890,142,859
3891,142,863
3892,142,875
3893,142,906
3894,142,914
3895,142,999
3896,143,47
3897,143,79
3898,143,141
3899,143,175
3900,143,232
3901,143,239
3902,143,316
3903,143,339
3904,143,361
3905,143,386
3906,143,404
3907,143,457
3908,143,485
3909,143,497
3910,143,560
3911,143,576
3912,143,603
3913,143,613
3914,143,659
3915,143,660
3916,143,680
3917,143,687
3918,143,690
3919,143,706
3920,143,792
3921,143,821
3922,143,830
3923,143,872
3924,143,878
3925,143,906
3926,143,958
3927,144,18
3928,144,67
3929,144,79
3930,144,90
3931,144,99
3932,144,105
3933,144,123
3934,144,125
3935,144,127
3936,144,130
3937,144,135
3938,144,164
3939,144,184
3940,144,216
3941,144,228
3942,144,260
3943,144,272
3944,144,291
3945,144,293
3946,144,312
3947,144,393
3948,144,396
3949,144,473
3950,144,504
3951,144,540
3952,144,599
3953,144,668
3954,144,702
3955,144,753
3956,144,762
3957,144,776
3958,144,785
3959,144,845
3960,144,894
3961,144,953
3962,145,39
3963,145,109
3964,145,120
3965,145,154
3966,145,155
3967,145,243
3968,145,293
3969,145,402
3970,145,409
3971,145,457
3972,145,475
3973,145,487
3974,145,494
3975,145,527
3976,145,592
3977,145,625
3978,145,629
3979,145,641
3980,145,661
3981,145,664
3982,145,692
3983,145,713
3984,145,726
3985,145,748
3986,145,822
3987,145,893
3988,145,923
3989,145,953
3990,146,12
3991,146,16
3992,146,33
3993,146,117
3994,146,177
3995,146,191
3996,146,197
3997,146,207
3998,146,218
3999,146,278
4000,146,296
4001,146,314
4002,146,320
4003,146,372
4004,146,384
4005,146,402
4006,146,410
4007,146,427
4008,146,429
4009,146,512
4010,146,514
4011,146,571
4012,146,591
4013,146,720
4014,146,731
4015,146,734
4016,146,871
4017,146,909
4018,146,922
4019,146,945
4020,146,955
4021,146,966
4022,146,969
4023,147,4
4024,147,85
4025,147,131
4026,147,139
4027,147,145
4028,147,178
4029,147,251
4030,147,254
4031,147,295
4032,147,298
4033,147,305
4034,147,310
4035,147,318
4036,147,333
4037,147,341
4038,147,351
4039,147,394
4040,147,402
4041,147,405
4042,147,410
4043,147,431
4044,147,443
4045,147,508
4046,147,554
4047,147,563
4048,147,649
4049,147,688
4050,147,708
4051,147,864
4052,147,957
4053,147,987
4054,148,27
4055,148,57
4056,148,133
4057,148,149
4058,148,226
4059,148,342
4060,148,368
4061,148,422
4062,148,468
4063,148,633
4064,148,718
4065,148,768
4066,148,772
4067,148,792
4068,149,53
4069,149,72
4070,149,95
4071,149,118
4072,149,139
4073,149,146
4074,149,153
4075,149,159
4076,149,169
4077,149,178
4078,149,188
4079,149,193
4080,149,339
4081,149,354
4082,149,362
4083,149,365
4084,149,458
4085,149,631
4086,149,670
4087,149,685
4088,149,761
4089,149,782
4090,149,810
4091,149,811
4092,149,899
4093,149,905
4094,149,913
4095,149,921
4096,149,947
4097,149,949
4098,149,992
4099,150,23
4100,150,63
4101,150,75
4102,150,94
4103,150,105
4104,150,168
4105,150,190
4106,150,206
4107,150,233
4108,150,270
4109,150,285
4110,150,306
4111,150,386
4112,150,433
4113,150,446
4114,150,447
4115,150,468
4116,150,508
4117,150,542
4118,150,551
4119,150,629
4120,150,647
4121,150,672
4122,150,697
4123,150,728
4124,150,777
4125,150,854
4126,150,873
4127,150,880
4128,150,887
4129,150,889
4130,150,892
4131,150,953
4132,150,962
4133,151,131
4134,151,144
4135,151,167
4136,151,170
4137,151,217
4138,151,232
4139,151,342
4140,151,367
4141,151,370
4142,151,382
4143,151,451
4144,151,463
4145,151,482
4146,151,501
4147,151,527
4148,151,539
4149,151,570
4150,151,574
4151,151,634
4152,151,658
4153,151,665
4154,151,703
4155,151,880
4156,151,892
4157,151,895
4158,151,989
4159,152,59
4160,152,153
4161,152,217
4162,152,248
4163,152,318
4164,152,332
4165,152,475
4166,152,476
4167,152,578
4168,152,607
4169,152,611
4170,152,615
4171,152,674
4172,152,680
4173,152,729
4174,152,768
4175,152,821
4176,152,846
4177,152,891
4178,152,898
4179,152,927
4180,152,964
4181,152,968
4182,153,47
4183,153,64
4184,153,136
4185,153,180
4186,153,203
4187,153,231
4188,153,444
4189,153,476
4190,153,480
4191,153,486
4192,153,536
4193,153,627
4194,153,732
4195,153,756
4196,153,766
4197,153,817
4198,153,847
4199,153,919
4200,153,938
4201,153,988
4202,154,27
4203,154,111
4204,154,141
4205,154,158
4206,154,169
4207,154,170
4208,154,193
4209,154,208
4210,154,274
4211,154,276
4212,154,282
4213,154,299
4214,154,314
4215,154,396
4216,154,399
4217,154,421
4218,154,440
4219,154,467
4220,154,474
4221,154,489
4222,154,588
4223,154,602
4224,154,680
4225,154,698
4226,154,802
4227,154,842
4228,154,954
4229,154,988
4230,155,20
4231,155,67
4232,155,128
4233,155,153
4234,155,220
4235,155,249
4236,155,303
4237,155,312
4238,155,359
4239,155,361
4240,155,383
4241,155,387
4242,155,407
4243,155,427
4244,155,459
4245,155,513
4246,155,584
4247,155,590
4248,155,630
4249,155,688
4250,155,757
4251,155,768
4252,155,785
4253,155,849
4254,155,885
4255,155,890
4256,155,941
4257,155,966
4258,155,987
4259,155,997
4260,155,1000
4261,156,53
4262,156,155
4263,156,198
4264,156,244
4265,156,262
4266,156,263
4267,156,285
4268,156,297
4269,156,301
4270,156,349
4271,156,379
4272,156,448
4273,156,462
4274,156,467
4275,156,504
4276,156,518
4277,156,593
4278,156,646
4279,156,705
4280,156,754
4281,156,775
4282,156,844
4283,157,10
4284,157,24
4285,157,34
4286,157,122
4287,157,159
4288,157,183
4289,157,210
4290,157,217
4291,157,291
4292,157,303
4293,157,321
4294,157,326
4295,157,353
4296,157,400
4297,157,406
4298,157,431
4299,157,496
4300,157,535
4301,157,573
4302,157,574
4303,157,604
4304,157,616
4305,157,642
4306,157,661
4307,157,696
4308,157,713
4309,157,802
4310,157,835
4311,157,874
4312,157,913
4313,157,967
4314,157,973
4315,158,32
4316,158,47
4317,158,64
4318,158,66
4319,158,102
4320,158,121
4321,158,177
4322,158,178
4323,158,188
4324,158,215
4325,158,241
4326,158,293
4327,158,437
4328,158,473
4329,158,483
4330,158,532
4331,158,555
4332,158,581
4333,158,601
4334,158,616
4335,158,626
4336,158,637
4337,158,799
4338,158,812
4339,158,824
4340,158,830
4341,158,840
4342,158,869
4343,158,879
4344,158,880
4345,158,894
4346,158,896
4347,158,967
4348,158,968
4349,158,990
4350,159,20
4351,159,82
4352,159,127
4353,159,187
4354,159,206
4355,159,208
4356,159,223
4357,159,248
4358,159,342
4359,159,343
4360,159,344
4361,159,364
4362,159,418
4363,159,549
4364,159,561
4365,159,600
4366,159,674
4367,159,680
4368,159,784
4369,159,789
4370,159,800
4371,159,802
4372,159,818
4373,159,876
4374,159,907
4375,159,978
4376,160,2
4377,160,17
4378,160,43
4379,160,242
4380,160,267
4381,160,275
4382,160,368
4383,160,455
4384,160,469
4385,160,484
4386,160,579
4387,160,660
4388,160,755
4389,160,767
4390,160,769
4391,160,794
4392,160,826
4393,160,883
4394,160,950
4395,160,954
4396,161,43
4397,161,58
4398,161,89
4399,161,90
4400,161,120
4401,161,188
4402,161,247
4403,161,269
4404,161,281
4405,161,340
4406,161,353
4407,161,401
4408,161,414
4409,161,425
4410,161,469
4411,161,526
4412,161,588
4413,161,644
4414,161,653
4415,161,655
4416,161,669
4417,161,684
4418,161,714
4419,161,749
4420,161,807
4421,161,825
4422,161,850
4423,161,880
4424,161,920
4425,161,921
4426,161,924
4427,161,927
4428,162,1
4429,162,4
4430,162,7
4431,162,18
4432,162,28
4433,162,32
4434,162,33
4435,162,41
4436,162,85
4437,162,121
4438,162,164
4439,162,274
4440,162,279
4441,162,409
4442,162,410
4443,162,415
4444,162,500
4445,162,574
4446,162,612
4447,162,636
4448,162,659
4449,162,786
4450,162,844
4451,162,909
4452,162,968
4453,163,30
4454,163,45
4455,163,166
4456,163,180
4457,163,239
4458,163,283
4459,163,303
4460,163,304
4461,163,307
4462,163,394
4463,163,409
4464,163,434
4465,163,444
4466,163,522
4467,163,719
4468,163,785
4469,163,833
4470,163,881
4471,163,891
4472,163,947
4473,163,996
4474,164,15
4475,164,23
4476,164,148
4477,164,169
4478,164,252
4479,164,324
4480,164,347
4481,164,367
4482,164,431
4483,164,448
4484,164,469
4485,164,545
4486,164,610
4487,164,613
4488,164,673
4489,164,681
4490,164,698
4491,164,801
4492,164,820
4493,164,832
4494,164,834
4495,164,851
4496,164,884
4497,164,908
4498,164,957
4499,164,984
4500,165,72
4501,165,95
4502,165,146
4503,165,204
4504,165,253
4505,165,286
4506,165,360
4507,165,375
4508,165,395
4509,165,421
4510,165,437
4511,165,473
4512,165,607
4513,165,644
4514,165,659
4515,165,693
4516,165,737
4517,165,779
4518,165,798
4519,165,807
4520,165,809
4521,165,832
4522,165,833
4523,165,947
4524,165,948
4525,165,962
4526,166,25
4527,166,38
4528,166,55
4529,166,61
4530,166,68
4531,166,86
4532,166,146
4533,166,255
4534,166,297
4535,166,306
4536,166,326
4537,166,361
4538,166,366
4539,166,426
4540,166,580
4541,166,622
4542,166,674
4543,166,714
4544,166,788
4545,166,867
4546,166,944
4547,166,1000
4548,167,17
4549,167,25
4550,167,63
4551,167,72
4552,167,107
4553,167,120
4554,167,191
4555,167,294
4556,167,319
4557,167,339
4558,167,341
4559,167,496
4560,167,554
4561,167,626
4562,167,628
4563,167,672
4564,167,692
4565,167,717
4566,167,734
4567,167,794
4568,167,800
4569,167,802
4570,167,856
4571,167,864
4572,167,882
4573,167,923
4574,168,32
4575,168,56
4576,168,92
4577,168,115
4578,168,188
4579,168,196
4580,168,208
4581,168,237
4582,168,241
4583,168,255
4584,168,305
4585,168,336
4586,168,387
4587,168,433
4588,168,438
4589,168,519
4590,168,602
4591,168,619
4592,168,626
4593,168,652
4594,168,678
4595,168,685
4596,168,804
4597,168,807
4598,168,826
4599,168,841
4600,168,886
4601,168,889
4602,168,892
4603,168,927
4604,168,959
4605,169,6
4606,169,78
4607,169,93
4608,169,246
4609,169,248
4610,169,289
4611,169,301
4612,169,326
4613,169,349
4614,169,372
4615,169,398
4616,169,434
4617,169,505
4618,169,564
4619,169,571
4620,169,634
4621,169,642
4622,169,673
4623,169,694
4624,169,727
4625,169,778
4626,169,815
4627,169,847
4628,169,849
4629,169,894
4630,169,897
4631,169,954
4632,169,992
4633,169,998
4634,170,7
4635,170,15
4636,170,27
4637,170,33
4638,170,102
4639,170,139
4640,170,180
4641,170,184
4642,170,212
4643,170,299
4644,170,322
4645,170,358
4646,170,416
4647,170,508
4648,170,537
4649,170,705
4650,170,758
4651,170,764
4652,170,868
4653,170,877
4654,170,886
4655,170,925
4656,170,993
4657,170,996
4658,171,49
4659,171,146
4660,171,166
4661,171,181
4662,171,219
4663,171,273
4664,171,296
4665,171,318
4666,171,342
4667,171,397
4668,171,447
4669,171,450
4670,171,466
4671,171,549
4672,171,560
4673,171,566
4674,171,608
4675,171,625
4676,171,645
4677,171,701
4678,171,761
4679,171,779
4680,171,849
4681,171,872
4682,171,892
4683,171,898
4684,171,903
4685,171,953
4686,172,57
4687,172,100
4688,172,148
4689,172,215
4690,172,302
4691,172,345
4692,172,368
4693,172,385
4694,172,423
4695,172,487
4696,172,493
4697,172,529
4698,172,538
4699,172,567
4700,172,609
4701,172,639
4702,172,649
4703,172,661
4704,172,667
4705,172,710
4706,172,744
4707,172,758
4708,172,771
4709,172,833
4710,172,959
4711,173,49
4712,173,55
4713,173,74
4714,173,80
4715,173,106
4716,173,154
4717,173,162
4718,173,188
4719,173,235
4720,173,313
4721,173,379
4722,173,405
4723,173,491
4724,173,496
4725,173,529
4726,173,550
4727,173,564
4728,173,571
4729,173,592
4730,173,688
4731,173,753
4732,173,757
4733,173,852
4734,173,857
4735,173,921
4736,173,928
4737,173,933
4738,174,11
4739,174,61
4740,174,168
4741,174,298
4742,174,352
4743,174,442
4744,174,451
4745,174,496
4746,174,610
4747,174,618
4748,174,622
4749,174,659
4750,174,677
4751,174,705
4752,174,722
4753,174,780
4754,174,797
4755,174,809
4756,174,827
4757,174,830
4758,174,852
4759,174,853
4760,174,879
4761,174,982
4762,175,9
4763,175,29
4764,175,67
4765,175,129
4766,175,155
4767,175,190
4768,175,191
4769,175,362
4770,175,405
4771,175,424
4772,175,439
4773,175,442
4774,175,483
4775,175,591
4776,175,596
4777,175,616
4778,175,719
4779,175,729
4780,175,772
4781,175,778
4782,175,828
4783,175,842
4784,175,890
4785,175,908
4786,175,977
4787,175,978
4788,175,998
4789,176,13
4790,176,73
4791,176,89
4792,176,150
4793,176,162
4794,176,238
4795,176,252
4796,176,303
4797,176,320
4798,176,401
4799,176,417
4800,176,441
4801,176,458
4802,176,461
4803,176,517
4804,176,521
4805,176,543
4806,176,573
4807,176,699
4808,176,726
4809,176,740
4810,176,746
4811,176,758
4812,176,802
4813,176,827
4814,176,839
4815,176,859
4816,176,872
4817,176,946
4818,177,12
4819,177,39
4820,177,52
4821,177,55
4822,177,86
4823,177,175
4824,177,188
4825,177,235
4826,177,237
4827,177,289
4828,177,363
4829,177,401
4830,177,433
4831,177,458
4832,177,522
4833,177,543
4834,177,563
4835,177,649
4836,177,683
4837,177,684
4838,177,726
4839,177,751
4840,177,763
4841,177,764
4842,177,827
4843,177,910
4844,177,956
4845,178,30
4846,178,34
4847,178,109
4848,178,146
4849,178,160
4850,178,164
4851,178,194
4852,178,197
4853,178,273
4854,178,311
4855,178,397
4856,178,483
4857,178,517
4858,178,537
4859,178,587
4860,178,708
4861,178,733
4862,178,744
4863,178,762
4864,178,930
4865,178,974
4866,178,983
4867,178,1000
4868,179,24
4869,179,27
4870,179,65
4871,179,85
4872,179,109
4873,179,131
4874,179,159
4875,179,193
4876,179,250
4877,179,291
4878,179,353
4879,179,415
4880,179,463
4881,179,468
4882,179,489
4883,179,566
4884,179,588
4885,179,650
4886,179,698
4887,179,732
4888,179,737
4889,179,769
4890,179,811
4891,179,817
4892,179,852
4893,179,924
4894,179,931
4895,179,960
4896,179,976
4897,180,12
4898,180,33
4899,180,144
4900,180,195
4901,180,258
4902,180,441
4903,180,506
4904,180,561
4905,180,609
4906,180,622
4907,180,628
4908,180,657
4909,180,724
4910,180,729
4911,180,732
4912,180,777
4913,180,809
4914,180,811
4915,180,820
4916,180,824
4917,180,847
4918,180,869
4919,180,874
4920,180,955
4921,180,963
4922,181,5
4923,181,40
4924,181,74
4925,181,78
4926,181,83
4927,181,152
4928,181,195
4929,181,233
4930,181,286
4931,181,301
4932,181,311
4933,181,381
4934,181,387
4935,181,403
4936,181,409
4937,181,420
4938,181,437
4939,181,456
4940,181,507
4941,181,522
4942,181,539
4943,181,542
4944,181,546
4945,181,579
4946,181,596
4947,181,604
4948,181,609
4949,181,625
4950,181,744
4951,181,816
4952,181,836
4953,181,868
4954,181,870
4955,181,874
4956,181,892
4957,181,907
4958,181,911
4959,181,921
4960,181,991
4961,182,33
4962,182,160
4963,182,301
4964,182,324
4965,182,346
4966,182,362
4967,182,391
4968,182,413
4969,182,421
4970,182,437
4971,182,590
4972,182,639
4973,182,668
4974,182,677
4975,182,679
4976,182,695
4977,182,714
4978,182,720
4979,182,819
4980,182,828
4981,182,845
4982,182,864
4983,182,940
4984,182,990
4985,183,32
4986,183,40
4987,183,71
4988,183,113
4989,183,313
4990,183,388
4991,183,389
4992,183,390
4993,183,495
4994,183,520
4995,183,576
4996,183,636
4997,183,715
4998,183,850
4999,183,862
5000,183,914
5001,183,941
5002,183,949
5003,183,983
5004,184,35
5005,184,87
5006,184,146
5007,184,169
5008,184,221
5009,184,336
5010,184,371
5011,184,452
5012,184,486
5013,184,492
5014,184,500
5015,184,574
5016,184,580
5017,184,597
5018,184,615
5019,184,640
5020,184,642
5021,184,650
5022,184,661
5023,184,684
5024,184,745
5025,184,772
5026,184,787
5027,184,867
5028,184,959
5029,184,966
5030,184,967
5031,184,969
5032,184,985
5033,185,7
5034,185,95
5035,185,138
5036,185,265
5037,185,286
5038,185,360
5039,185,411
5040,185,427
5041,185,437
5042,185,448
5043,185,494
5044,185,510
5045,185,518
5046,185,554
5047,185,560
5048,185,571
5049,185,584
5050,185,631
5051,185,665
5052,185,694
5053,185,730
5054,185,761
5055,185,818
5056,185,845
5057,185,880
5058,185,882
5059,185,919
5060,185,920
5061,185,965
5062,185,973
5063,186,95
5064,186,187
5065,186,208
5066,186,228
5067,186,237
5068,186,422
5069,186,482
5070,186,508
5071,186,552
5072,186,579
5073,186,637
5074,186,648
5075,186,654
5076,186,729
5077,186,983
5078,186,994
5079,187,17
5080,187,25
5081,187,29
5082,187,51
5083,187,73
5084,187,76
5085,187,98
5086,187,110
5087,187,127
5088,187,168
5089,187,222
5090,187,224
5091,187,297
5092,187,354
5093,187,379
5094,187,417
5095,187,435
5096,187,441
5097,187,474
5098,187,499
5099,187,538
5100,187,548
5101,187,561
5102,187,617
5103,187,625
5104,187,664
5105,187,671
5106,187,768
5107,187,779
5108,187,906
5109,187,914
5110,187,923
5111,187,976
5112,188,1
5113,188,10
5114,188,14
5115,188,51
5116,188,102
5117,188,111
5118,188,146
5119,188,206
5120,188,223
5121,188,289
5122,188,311
5123,188,322
5124,188,338
5125,188,396
5126,188,412
5127,188,506
5128,188,517
5129,188,529
5130,188,566
5131,188,593
5132,188,606
5133,188,662
5134,188,770
5135,188,773
5136,188,774
5137,188,815
5138,188,849
5139,188,925
5140,188,988
5141,188,989
5142,189,43
5143,189,82
5144,189,171
5145,189,266
5146,189,272
5147,189,315
5148,189,378
5149,189,492
5150,189,509
5151,189,512
5152,189,519
5153,189,533
5154,189,548
5155,189,560
5156,189,628
5157,189,734
5158,189,748
5159,189,788
5160,189,820
5161,189,853
5162,189,882
5163,189,896
5164,189,899
5165,189,940
5166,190,38
5167,190,54
5168,190,62
5169,190,87
5170,190,173
5171,190,234
5172,190,253
5173,190,278
5174,190,310
5175,190,374
5176,190,411
5177,190,426
5178,190,472
5179,190,549
5180,190,562
5181,190,606
5182,190,623
5183,190,679
5184,190,682
5185,190,693
5186,190,695
5187,190,705
5188,190,708
5189,190,802
5190,190,806
5191,190,874
5192,190,959
5193,191,16
5194,191,39
5195,191,84
5196,191,185
5197,191,219
5198,191,293
5199,191,296
5200,191,378
5201,191,410
5202,191,420
5203,191,461
5204,191,544
5205,191,551
5206,191,596
5207,191,638
5208,191,668
5209,191,692
5210,191,775
5211,191,801
5212,191,819
5213,191,827
5214,191,830
5215,191,834
5216,191,849
5217,191,858
5218,191,914
5219,191,958
5220,191,969
5221,191,971
5222,191,993
5223,192,16
5224,192,69
5225,192,117
5226,192,155
5227,192,166
5228,192,179
5229,192,214
5230,192,361
5231,192,367
5232,192,426
5233,192,465
5234,192,470
5235,192,475
5236,192,485
5237,192,541
5238,192,578
5239,192,592
5240,192,614
5241,192,618
5242,192,622
5243,192,674
5244,192,677
5245,192,680
5246,192,682
5247,192,708
5248,192,711
5249,192,747
5250,192,763
5251,192,819
5252,193,44
5253,193,80
5254,193,103
5255,193,109
5256,193,119
5257,193,141
5258,193,164
5259,193,291
5260,193,352
5261,193,358
5262,193,376
5263,193,412
5264,193,462
5265,193,689
5266,193,709
5267,193,745
5268,193,807
5269,193,828
5270,193,834
5271,193,851
5272,193,937
5273,193,953
5274,193,960
5275,194,9
5276,194,42
5277,194,67
5278,194,86
5279,194,88
5280,194,98
5281,194,135
5282,194,161
5283,194,163
5284,194,215
5285,194,232
5286,194,352
5287,194,415
5288,194,486
5289,194,498
5290,194,531
5291,194,719
5292,194,738
5293,194,786
5294,194,872
5295,194,938
5296,194,940
5297,195,129
5298,195,130
5299,195,141
5300,195,144
5301,195,298
5302,195,359
5303,195,361
5304,195,392
5305,195,403
5306,195,494
5307,195,520
5308,195,534
5309,195,560
5310,195,592
5311,195,649
5312,195,658
5313,195,673
5314,195,677
5315,195,706
5316,195,738
5317,195,769
5318,195,781
5319,195,794
5320,195,813
5321,195,869
5322,195,885
5323,195,962
5324,196,64
5325,196,122
5326,196,156
5327,196,169
5328,196,276
5329,196,284
5330,196,303
5331,196,324
5332,196,423
5333,196,473
5334,196,484
5335,196,515
5336,196,524
5337,196,541
5338,196,560
5339,196,575
5340,196,576
5341,196,587
5342,196,615
5343,196,635
5344,196,684
5345,196,795
5346,196,815
5347,196,833
5348,196,837
5349,196,906
5350,196,908
5351,196,919
5352,196,939
5353,196,972
5354,197,6
5355,197,29
5356,197,63
5357,197,123
5358,197,129
5359,197,147
5360,197,164
5361,197,189
5362,197,243
5363,197,249
5364,197,258
5365,197,364
5366,197,369
5367,197,370
5368,197,418
5369,197,522
5370,197,531
5371,197,554
5372,197,598
5373,197,628
5374,197,691
5375,197,724
5376,197,746
5377,197,752
5378,197,758
5379,197,769
5380,197,815
5381,197,916
5382,197,950
5383,197,967
5384,197,974
5385,197,979
5386,197,995
5387,198,1
5388,198,109
5389,198,125
5390,198,186
5391,198,262
5392,198,264
5393,198,303
5394,198,309
5395,198,311
5396,198,329
5397,198,347
5398,198,379
5399,198,395
5400,198,406
5401,198,450
5402,198,464
5403,198,482
5404,198,499
5405,198,536
5406,198,541
5407,198,545
5408,198,555
5409,198,568
5410,198,570
5411,198,588
5412,198,597
5413,198,628
5414,198,745
5415,198,758
5416,198,796
5417,198,806
5418,198,817
5419,198,843
5420,198,858
5421,198,871
5422,198,886
5423,198,892
5424,198,924
5425,198,952
5426,198,997
5427,199,67
5428,199,84
5429,199,145
5430,199,159
5431,199,216
5432,199,432
5433,199,541
5434,199,604
5435,199,640
5436,199,689
5437,199,730
5438,199,784
5439,199,785
5440,199,886
5441,199,953
5442,200,5
5443,200,49
5444,200,80
5445,200,116
5446,200,121
5447,200,149
5448,200,346
5449,200,419
5450,200,462
5451,200,465
5452,200,474
5453,200,537
5454,200,538
5455,200,544
5456,200,714
5457,200,879
5458,200,912
5459,200,945
5460,200,958
5461,200,993
